{
        "QCD_HT200to300"            : 1554000.0,
        "QCD_HT300to500"            : 323800.0,
        "QCD_HT500to700"            : 30280.0,
        "QCD_HT700to1000"           : 6392.0,
        "QCD_HT1000to1500"          : 1118.0,
        "QCD_HT1500to2000"          : 108.9,
        "QCD_HT2000toInf"           : 21.93,
        "WJetsToQQ_HT800toInf"      : 28.75,
        "ZJetsToQQ_HT800toInf"      : 28.75,
        "WJetstoLNu_HT100to200"     : 1395.0,
        "WJetstoLNu_HT200to400"     : 407.9,
        "WJetstoLNu_HT400to600"     : 57.48,
        "WJetstoLNu_HT600to800"     : 12.87,
        "WJetstoLNu_HT800to1200"    : 5.366,
        "WJetstoLNu_HT1200to2500"   : 1.074,
        "WJetstoLNu_HT2500toInf"    : 0.08001,
        "WJetstoLNu_HT100to200_2"   : 1395.0,
        "WJetstoLNu_HT200to400_2"   : 407.9,
        "WJetstoLNu_HT400to600_2"   : 57.48,
        "WJetstoLNu_HT600to800_2"   : 12.87,
        "WJetstoLNu_HT800to1200_2"  : 5.366,
        "WJetstoLNu_HT1200to2500_2" : 1.074,
        "WJetstoLNu_HT2500toInf_2"  : 0.03216,
        "TTZToQQ"                   : 0.5104,
        "TTWToQQ"                   : 0.4377,
        "TTZtoQQ"                   : 0.5104,
        "TTWtoQQ"                   : 0.4377,
        "TTHTobb"                   : 0.5269,
        "TTHad"                     : 687.1,
        "TTSL"                      : 365.34,
        "TTWJetsToLNu"              : 0.2149,
        "TTTo2L2Nu"                 : 88.29,
        "TTZToLLNuNu"               : 0.2432,
        "STantitop_inclusive"       : 34.97,
        "STtop_inclusive"           : 34.91,
        "ST_antitop_inclusive"      : 34.97,
        "ST_top_inclusive"          : 34.91,
        "ST_tchannel_top"           : 113.3 ,
        "ST_tchannel_antitop"       : 69.09,
        "ST_schannel"               : 3.74 ,
        "ST_schannel_antitop"       : 3.74 ,
        "ST_tW_antitop"             : 34.97 ,
        "ST_tW_top"                 : 34.91 ,
        "WW"                        : 75.8,
        "WWTo4Q"                    : 51.68,
        "ZZTo4Q"                    : 3.276,
        "ZZ"                        : 12.14,
        "WZ"                        : 27.6,
        "WplusH_HtoBB_WtoQQ"        : 0.585,
        "WminusH_HtoBB_WtoQQ"       : 0.3654,
        "ZH_HtoBB_ZtoQQ"            : 0.554,
        "WWW"                       : 0.2086,
        "WWZ"                       : 0.1651,
        "WZZ"                       : 0.05565,
        "ZZZ"                       : 0.01398,
        "Dim6_WWW"                  : 0.2086,
        "Dim6_WWZ"                  : 0.1651,
        "Dim6_WZZ"                  : 0.05565,
        "Dim6_ZZZ"                  : 0.01398,
        "WWW_SM"                    : 0.2086,
        "WWW_FT0_1"                 : 0.2086,
        "WWW_FT0_5"                 : 0.2086,
        "WWW_FT0_10"                : 0.2086,
        "WWW_FM0_p2"                : 0.2086,
        "WWW_FT0_p2"                : 0.2086,
        "WWW_FS0_p2"                : 0.2086,
        "WWW_EFT__FM0_p2"           : 0.2086,
        "WWW_EFT__FT0_p2"           : 0.2086,
        "WWW_EFT__FT0_p15"          : 0.2086,
        "WWW_EFT__FS0_p2"           : 0.2086,
        "WWZ_EFT__FM0_p2"           : 0.1651,
        "WWZ_EFT__FT0_p2"           : 0.1651,
        "WWZ_EFT__FS0_p2"           : 0.1651,
        "WWZ_EFT__FT0_p15"          : 0.1651,
        "WZZ_EFT__FM0_p2"           : 0.05565,
        "WZZ_EFT__FT0_p2"           : 0.05565,
        "WZZ_EFT__FT0_p15"          : 0.05565,
        "ZZZ_EFT__FM0_p2"           : 0.01398,
        "ZZZ_EFT__FM0_p2"           : 0.01398,
        "ZZZ_EFT__FT0_p2"           : 0.01398,
        "ZZZ_EFT__FT0_p15"          : 0.01398,
        "ZZZ_EFT__FS0_p2"           : 0.01398
}
